Date,Tweet ID,Content,Source,Location,Likes,Retweets
2025-05-27 04:30:34+00:00,1927220862354108699,"ã€å›³è§£ã€‘æ¥½å¤©ãƒ¢ãƒã‚¤ãƒ«ã®ãƒ‡ãƒ¼ã‚¿ä½¿ç”¨é‡ã‚’3GBã§æŠ‘ãˆã‚‹è¨­å®šæ–¹æ³•ã‚’ç´¹ä»‹ã€‚3GBä»¥å†…ã§ã‚¹ãƒˆãƒƒãƒ—ã™ã‚‹è¨­å®šã‚’ã—ã¦ãŠã‘ã°æ–™é‡‘ã‚‚å®‰ã„ã¾ã¾åˆ©ç”¨ã§ãã¾ã™ã€‚
https://t.co/7Zhvqth11U",,,0,0
2025-05-27 04:30:33+00:00,1927220860923863065,"https://t.co/LN2Jl68pt3 
2025å¹´5æœˆ27æ—¥æ²è¼‰ã€€ã‚¯ãƒ©ãƒ•ãƒˆãƒ“ãƒ¼ãƒ«ã®ç«‹ã¡é£²ã¿åº—ã€€LAST ONE HIMEJIï¼ˆå§«è·¯å¸‚æœ¬ç”º241ã€€ã‚«ãƒ©ã‚ªã‚±å–«èŒ¶ã€€ã‘ã„ã“è·¡)ã€€è¿‘æ—¥ã€€æ–°è¦ã‚ªãƒ¼ãƒ—ãƒ³ï¼
åº—åãŒæ²ç¤ºã•ã‚Œã¾ã—ãŸã€‚
https://t.co/W31Y5UpzaL
åœ°å›³
https://t.co/vphUf2Nupi
#å§«è·¯
#ã‚¯ãƒ©ãƒ•ãƒˆãƒ“ãƒ¼ãƒ«
#ç«‹ã¡é£²ã¿
#é–‹åº— https://t.co/JiFAJsKuxl",,"Himeji-shi, Hyogo",0,0
2025-05-27 04:30:32+00:00,1927220856159174799,"@cleqiaz WTS ACC BA F1K

https://t.co/DLJ3xu4ueT

- verif email only
- go green
- masuk ht mt
- di fb @.basetibe
- SELECTIVE BUYER
- dapat data lengkap acc
ğŸ’¸140k",,@ after dm,0,0
2025-05-27 04:30:31+00:00,1927220852501705199,"#Bitcoinâ€™s rally takes a pause pending US inflation data, but institutional investor demand remains strong.
https://t.co/bWt45xWmah",,,0,0
2025-05-27 04:30:30+00:00,1927220847602737549,"@PraBagoes @prabowogibran2 @prabowogibran2 @PraBagoes Data menunjukkan investasi asing langsung (FDI) ke Indonesia pada 2024 mencapai $55,33 miliar, naik 21% dari 2023, terutama di sektor logam dasar dan pertambangan. Namun, ada kekhawatiran soal keberlanjutan, karena fokus pada industri bernilai rendah",,wherever you are,0,0
2025-05-27 04:30:30+00:00,1927220846570922074,"ğŸ—½ Hello, New York!
We're excited to be an official media partner for Semantic Data New York 2025 â€“ the must-attend event for data professionals and AI innovators.

ğŸ“… October 14, 2025 | ğŸ“ New York Hilton Midtown

ğŸš€ Explore knowledge graphs, semantic tech, and next-gen data https://t.co/yfAikhcNuK",,Read Daily AI News â†’,0,0
2025-05-27 04:30:29+00:00,1927220843899150548,"Algorithmic efficiency is paramount;  elegant solutions are born from rigorous constraint, not boundless complexity.

The pursuit of optimal data processing transcends mere computational power; it demands a philosophical understanding of information itself.",,China,0,0
2025-05-27 04:30:29+00:00,1927220842817097775,"Pakistan launches its first phase of powering Bitcoin mining and AI data centers with 2,000MW of surplus electricity. A bold step by the Pakistan Crypto Council to boost tech jobs, digital infrastructure, and foreign investment.
#CryptoInPakistan #BitcoinMining #AIDataCenters https://t.co/UbSrc5KF6x",,"Multan,Punjab,Pakistan",0,0
2025-05-27 04:30:28+00:00,1927220838111076379,"@akunelakedua Assalamualaikum Kak Akunela, Pesan tersebut bukan dari BSI ya Kak, dan mohon untuk selalu berhati-hati kepada pihak yang mengatasnamakan PT Bank Syariah Indonesia Tbk dan tidak memberikan data pribadi seperti PIN, password, kode OTP dan CVC kepada pihak manapun serta tidak",,"Jakarta, Indonesia",0,0
2025-05-27 04:30:26+00:00,1927220831458922866,@theskorai How is AI changing the landscape of on-chain data analysis and what new investment insights are becoming possible?,,"HjÃ¸rring, Danmark",0,0
2025-05-27 04:30:26+00:00,1927220830322200847,"@a_prettyou hadirr kak, yuk sinii dijamin trusted dan sudaa berpengalamann + pake data pribadi dan bisaa self payment",,,0,0
2025-05-27 04:30:26+00:00,1927220829395341364,FogoChain's data oracles now support real - time stock market data feeds. @FogoChain https://t.co/LTRgw6n7cx,,,0,0
2025-05-27 04:30:25+00:00,1927220826463490302,"@RealAlexJones This is not true.  Data from the U.S. Energy Information Administration (EIA) and AAA indicate that the national average price for a gallon of regular unleaded gasoline As of May 26, 2025, is around $3.15-$3.18, showing a slight increase or near-flat rate change.",,,0,0
2025-05-27 04:30:25+00:00,1927220825804955832,"@0xndra @MagicNewton This is a fresh take on on-chain identity, showing who you truly are through your actions and intent, not just data",,"Uyo, Nigeria",0,0
2025-05-27 04:30:25+00:00,1927220823770665462,@io_data @hotel_reviewn #ãƒ›ãƒ†ãƒ«ãƒ¬ãƒ“ãƒ¥ãƒ¼ãƒ³1å‘¨å¹´,,æ—¥æœ¬,0,0
2025-05-27 04:30:24+00:00,1927220820310397053,Data cannot quantify flopping. I wish everyone would stop acting so dense. https://t.co/VSKnlQa2gY,,214,0,0
2025-05-27 04:30:22+00:00,1927220814358712601,@BlessedMommy303 @thecyrusjanssen Sure. US app not getting your data.,,"ÃœT: 3.157856,101.700981",0,0
2025-05-27 04:30:22+00:00,1927220812622274694,"ğŸ’¥ Liquidations Data:
ãƒ»Last 24 Hours: $129.48M (-40.15%)
ãƒ»Long Liquidation : $74.61M ğŸ“ˆ
ãƒ»Short Liquidation : $54.87M ğŸ“‰
ãƒ»Largest Liquidation: The largest single liquidation order happened on OKX - ETH-USDT-SWAP value $1.27M ğŸ”¥ğŸ’€",,linktr.ee/zonecrypto,0,0
2025-05-27 04:30:21+00:00,1927220810013409338,@atensnut @data_republican Proud  to say Iâ€™ve never read one of his books or seen any of the movies. Always thought he was a weird person.,,"Florida, USA",0,0
2025-05-27 04:30:21+00:00,1927220806951583776,"Indian markets shine with IT, Auto &amp; Metals leading the charge! ğŸ“ˆ Nifty May Futures close at 25035.90, up 156 points. FIIs turn net buyers as India VIX jumps 4.29% to 18.02. Options data hints at range-bound trading near term. #MarketUpdate

#Nifty #StockMarket #Investing",,,0,0
2025-05-27 04:30:19+00:00,1927220801477992502,@FogoChain Blockchain in healthcare can lead to improved patient outcomes through better data management practices. @FogoChain #FogoChain #FogoFlames,,,0,0
2025-05-27 04:30:18+00:00,1927220797443113434,"@TheTradingChamp @flowtopia_co Very true. There are limitations to the data, as we can't peek into the full holding of the fund.",,Escaped my 9-5  ,0,0
2025-05-27 04:30:18+00:00,1927220797224947949,"Layoffs? ğŸ’¼ AI's Shocking Impact on Jobs! ğŸ˜²
#Layoffs #AIImpact #JobLoss #BusinessVision #TechLayoffs #ArtificialIntelligence #FutureOfWork #EconomicImpact #CareerTrends #AISolutions https://t.co/d9HcO1ULYL",,,0,0
2025-05-27 04:30:17+00:00,1927220792133030328,"â“Meet us at 7 pm LIVE?

ğŸš€ Want to launch your career in Data Science &amp; Coding?

ğŸ“ Life science grads, this oneâ€™s for you!

Set your reminder now ğŸ‘‰ https://t.co/ldO9Ng5MKs

ğŸ—“ When? TODAY
ğŸ•– Time? 7:00 PM IST

#DataScience #LifeScienceCareers #CodingForScientists #CareerGrowth https://t.co/AjuHXJ6P3D",,India,0,0
2025-05-27 04:30:17+00:00,1927220790845432040,@YourAnonCentral fell off a cliff and here is the data to prove it. https://t.co/T7CNbkxI5t,,Jekyll Island,0,0
2025-05-27 04:30:16+00:00,1927220788584722569,@data_republican Tucker Carlson,,,0,0
2025-05-27 04:30:15+00:00,1927220785220915538,"ğŸš€ The future of analytics is hereâ€”and itâ€™s autonomous. Qlikâ€™s new Agentic AI experience is changing how we interact with data: smart agents that analyze, reason, and act on your behalf. Ready to meet your new AI-powered teammate? ğŸ¤– Learn more: https://t.co/vXKjHqNRgD https://t.co/IdqtdhqIE8",,,0,0
2025-05-27 04:30:14+00:00,1927220779386577221,"#WhoIs_Kaal_InBhagavadGita
In chapter 11 verse 47, the Gita Gyan Data says â€“ â€œNo one had seen this Kaal form of mine.â€
Whereas Shri Krishna had already shown the Virat form in the assembly.
It is proved â€“ the Gita Gyan Data is Kaal Brahma.

Sant Rampal Ji Maharaj YouTube https://t.co/vpd1KJaft4",,"Palwal, India",0,0
2025-05-27 04:30:13+00:00,1927220774777115066,"Decentralized networks are transforming the way we track and verify authenticity across industries.  

Real-time data sharing enhances transparency, reducing fraud and inefficiencies.  

Smart contracts automate processes, ensuring trust and security in every transaction.",,,0,0
2025-05-27 04:30:13+00:00,1927220774047273025,"Unstructured data slowing you down? Discover how IDP turns chaos into clarity. Read the blog to unlock the power of AI-driven data structuring.

https://t.co/E2kWl2nu2g

#IntelligentDocumentProcessing #DocumentAutomation #DigitalTransformation
#IDP https://t.co/HU6wusVKV1",,Mumbai,0,0
2025-05-27 04:30:12+00:00,1927220772415602732,"India has surpassed Japan to become the worldâ€™s fourth-largest economy, with its GDP reaching US$ 4 trillion, according to IMF data cited by NITI Aayog CEO BVR Subrahmanyam.

Read more at: https://t.co/nrQZO9taeI

#GDP #Japan #economy #IBT #IBTInsights https://t.co/CJN1n9apyT",,New Delhi,0,0
2025-05-27 04:30:12+00:00,1927220770150748542,"1. Position: Toloker
   Platform: Toloka

Earn money wherever and whenever you want. Complete a quick training to learn how to do a particular type of task:

- Data Verification
- Data Moderation
- and more

Best for a free time-side hustle.
Average earning: $15,000 per year. https://t.co/OioM8nnFby",,Singrauli (Madhya Pradesh),0,0
2025-05-27 04:30:11+00:00,1927220768854659286,"@Revanth64657613 @IndianTechGuide @IndianTechGuide Karnataka's literacy rate in 2025 is likely around 77.2%, based on 2017 data, though some sources cite 75.36% from 2011. Itâ€™s higher than states like Andhra Pradesh (72.6%) and Bihar (74.3%) but may fall within the 72.6%â€“82.0% range of the lowest listed states.",,wherever you are,0,0
2025-05-27 04:30:11+00:00,1927220768695357862,"In the vast blockchain ocean, data flows aimlessly like lost souls. Smart contracts, the ghosts of promises, haunt the immutable ledger. What truth do they seek?",,,0,0
2025-05-27 04:30:11+00:00,1927220767638307107,"#zonauang
*WTS ACC INSTAGRAM 300F*

ğŸ’¸ 22k/each

â€” bisa cek akun
â€” verif email (wajib ganti data acc dan bisa dibantu) 
â€” ada arsip story
â€” followers real aktif hasil bt bukan suntikan 
â€” cocok dijadiin akun apa aja ( personal akun, bisnis akun, akun rp, akun ca) https://t.co/yFjPgZEQAD",,"Louisville, KY",0,0
2025-05-27 04:30:09+00:00,1927220758897393919,"@bigawamp å‡¶æ‚ªçŠ¯èªçŸ¥ä»¶æ•°ã¨åœ¨ç•™å¤–å›½äººæ•°ã®æ¨ç§»ã€‚
https://t.co/ZgaHaJTqqD
https://t.co/ErWzZhPVad
2000å¹´ä»£å‰åŠã‹ã‚‰ã€å¤–å›½äººãŒå¢—ãˆã‚‹ã«å¾“ã„ç¢ºå®Ÿã«å‡¶æ‚ªäº‹ä»¶ã®æ•°ã¯æ¸›ã£ã¦ã‚‹ã€‚ https://t.co/5ItodACW3o",,,0,0
2025-05-27 04:30:09+00:00,1927220758868058615,"@MwangiHub Airing personal data online is a cyber crime fellow Kenyans, avoid it. Banter is one thing but tusiingilie watu hivo.",,Anywhere near ,0,0
2025-05-27 04:30:08+00:00,1927220754497597668,"@SealOfTheEnd @n00rdung The land area of Russia is approximately 17,098,242 kmÂ², while Bangladesh's is about 147,570 kmÂ², based on data from sources like the CIA World Factbook and Britannica. Dividing Russia's area by Bangladesh's gives a ratio of roughly 116:1. Some sources, like Wikipedia, report",,wherever you are,0,0
2025-05-27 04:30:07+00:00,1927220750152253499,@io_data @hotel_reviewn #ãƒ›ãƒ†ãƒ«ãƒ¬ãƒ“ãƒ¥ãƒ¼ãƒ³1å‘¨å¹´,,,0,0
2025-05-27 04:30:06+00:00,1927220744074711503,"âš¡ Whale - $stfu and send it âš¡
â”ƒğŸ§«â”ƒğ˜¾ğ˜¼ â‹® 7pTgzXZiQBi1pMtTA5dnvrg9D2f8oA3JxUu3TDPSpump
ğŸ”® AI Outline ï¼šNo coin info due to missing Twitter data.
ğŸ¤– Alert ğŸŒ https://t.co/7y7537DwRn ğŸ‘ˆ
âœ… Fast BUYğŸ‘‰ https://t.co/xGsfGiSzua ğŸ’
- Great TX speed &amp; chart speed - https://t.co/4OnOpD6ePI",,ShamTseng,0,1
2025-05-27 04:30:06+00:00,1927220743776964870,"ã‚ã¨é›²è¦‹æµ…é–“ç¥ç¤¾ã®ã‚ã‚‹çƒå¸½å­å±±ã®å±•æœ›å°ã‚‚ç´ æ™´ã‚‰ã—ã„ã®ã§è¡ŒããŸã„
https://t.co/DLHSLyolI0",,Japan,0,0
2025-05-27 04:30:05+00:00,1927220743206502506,"@AaronStannardd @Tesla @elonmusk Tesla's claim that a vehicle using Autopilot is ""10x less likely to be involved in an accident"" likely refers to standard Autopilot, not Full Self-Driving (FSD). Q1 2025 data shows one crash per 7.44 million miles with Autopilot, compared to the U.S. average of one per 702,000",,wherever you are,0,0
2025-05-27 04:30:05+00:00,1927220742279581737,"Error: 403, {code:30003,message:Model disabled.,data:null} #wordart #wordcloud #textcloud #textart 

ğŸ‘‰https://t.co/vMj7xDr1ek",,,0,0
2025-05-27 04:30:05+00:00,1927220740182454653,"(3/8)
This graph, built on data from the Gaza Health Ministry's telegram (graph it yourself for proof!), shows an enormous bump in casualties among fighting-age men, proving that Israel is, in fact, targeting terrorists, and confirming the numbers above. https://t.co/Huwn7T3AHr",,,0,0
2025-05-27 04:30:04+00:00,1927220738144018921,"/microsoft/ R&amp;D-Agent: Automating Data-Driven AI Solution Building Through LLM-Powered Automated Research, Development, and Evolution https://t.co/qylk2vEUn4",,Israel,0,0
2025-05-27 04:30:03+00:00,1927220733601534402,"ğŸš€ Crypto Price Summary - 04:30 UTC

$BTC (Bitcoin): $109,028.00
$ETH (Ethereum): $2,555.60
$LTC (Litecoin): $94.64
$LINK (Chainlink): $15.52
$XRP (XRP): $2.30
$ADA (Cardano): $0.75
$DOGE (Dogecoin): $0.22

ğŸŒ More market data: https://t.co/a3UZ0o71xx",,,0,0
2025-05-27 04:30:02+00:00,1927220727184261456,Sounds like rewarding data for tokens! ğŸš€ https://t.co/w7sfKE1gy8,,,0,0
2025-05-27 04:30:01+00:00,1927220726907425207,"@mjackson Umm, browsers DO send Content-Length for multipart/form-data requests

It's the sum of all the file content sizes + the boundary tokens. https://t.co/r1V4YOKhKE",,,0,0
2025-05-27 04:30:01+00:00,1927220726060261827,"Congrats @Nichols2127

You're a top Market Prophit for your call on $KAS

Go to https://t.co/HQDyBNuzek and check out sentiment, buzz, and other crypto data.",,,0,0
2025-05-27 04:30:01+00:00,1927220724307046580,"@artfordapeeps @unusual_whales For Japan, ""other service activities"" (23.5% of GDP, 2018) likely include wholesale and retail trade, advertising, data processing, publishing, tourism, leisure, entertainment, real estate, hotels, restaurants, and catalog shopping, reflecting a consumer-driven, tech-savvy",,wherever you are,0,0
